Country Name,Country Code,Series Name,Series Code,1960 [YR1960],1961 [YR1961],1962 [YR1962],1963 [YR1963],1964 [YR1964],1965 [YR1965],1966 [YR1966],1967 [YR1967],1968 [YR1968],1969 [YR1969],1970 [YR1970],1971 [YR1971],1972 [YR1972],1973 [YR1973],1974 [YR1974],1975 [YR1975],1976 [YR1976],1977 [YR1977],1978 [YR1978],1979 [YR1979],1980 [YR1980],1981 [YR1981],1982 [YR1982],1983 [YR1983],1984 [YR1984],1985 [YR1985],1986 [YR1986],1987 [YR1987],1988 [YR1988],1989 [YR1989],1990 [YR1990],1991 [YR1991],1992 [YR1992],1993 [YR1993],1994 [YR1994],1995 [YR1995],1996 [YR1996],1997 [YR1997],1998 [YR1998],1999 [YR1999],2000 [YR2000],2001 [YR2001],2002 [YR2002],2003 [YR2003],2004 [YR2004],2005 [YR2005],2006 [YR2006],2007 [YR2007],2008 [YR2008],2009 [YR2009],2010 [YR2010],2011 [YR2011],2012 [YR2012],2013 [YR2013],2014 [YR2014],2015 [YR2015],2016 [YR2016],2017 [YR2017],2018 [YR2018],2019 [YR2019],2020 [YR2020],2021 [YR2021],2022 [YR2022],2023 [YR2023]
Nigeria,NGA,"Population, total",SP.POP.TOTL,44928342,45855507,46821845,47822569,48856332,49925799,51020296,52106681,53210119,54360750,55569264,56837614,58173834,59605446,61157931,62851312,64658315,66589655,68633344,70750307,72951439,75175387,77388067,79351586,81337553,83585251,85804185,88044187,90351467,92744064,95214257,97685360,100182045,102775465,105456121,108187610,110956183,113791181,116690527,119695565,122851984,126152678,129583026,133119801,136756848,140490722,144329764,148294028,152382506,156595758,160952853,165463745,170075932,174726123,179379016,183995785,188666931,193495907,198387623,203304492,208327405,213401323,218541212,223804632
Nigeria,NGA,Population growth (annual %),SP.POP.GROW,..,2.04264799873527,2.0854566981797,2.11478153561057,2.13863084992244,2.16538918014848,2.16856311634238,2.10696603598416,2.09554103244117,2.13938010697564,2.1987856550446,2.25680822194687,2.32373411465329,2.43112797220062,2.57126054527292,2.73122587293759,2.8344902652352,2.94325225808384,3.02292456298641,3.03783949556754,3.06371248773115,3.00298762355107,2.90087187337984,2.505583858711,2.47193822565748,2.72592646543804,2.62007004469383,2.57710319274615,2.58684403074567,2.61364456763675,2.62859895485536,2.56220123638405,2.52372796254107,2.55576762430514,2.57482944873593,2.55718979815601,2.52685259419513,2.52296474517798,2.51603389644629,2.54261988693615,2.60286876961431,2.65126549448063,2.68288995606035,2.69276790616125,2.69550346507859,2.69369341754265,2.69592582302795,2.70962693730599,2.7196868027914,2.72738484297876,2.74437885223698,2.76406237855304,2.74928887763244,2.69747404339158,2.6281238528085,2.54118746244735,2.50703408562558,2.52731691971774,2.49664490408847,2.44820069834557,2.44060888477318,2.40636338101405,2.38000715491565,2.37988826918731
Nigeria,NGA,Surface area (sq. km),AG.SRF.TOTL.K2,..,923770,923770,923770,923770,923770,923770,923770,923770,923770,923770,923770,923770,923770,923770,923770,923770,923770,923770,923770,923770,923770,923770,923770,923770,923770,923770,923770,923770,923770,923770,923770,923770,923770,923770,923770,923770,923770,923770,923770,923770,923770,923770,923770,923770,923770,923770,923770,923770,923770,923770,923770,923770,923770,923770,923770,923770,923770,923770,923770,923770,923770,..,..
Nigeria,NGA,Population density (people per sq. km of land area),EN.POP.DNST,..,50.3480648242696,51.4090769349012,52.507843912294,53.6428867881024,54.817131657828,56.0188587678558,57.2116791286494,58.4232232067372,59.6865838795744,61.013498468329,62.406111312406,63.87324351922,65.4451134754109,67.1496986066735,69.0089836072774,70.99302238765,73.1135797182604,75.3574931102254,77.6818593058621,80.0986407106075,82.5404734455461,84.9699342314745,87.1258232045412,89.3063594540883,91.7742690251106,94.2105965282124,96.6700561063715,99.2033850478167,101.830389670279,104.542592531594,107.255794547471,109.997084884219,112.844587546801,115.787872898756,118.786971463707,121.826787223997,124.939535777419,128.122936636033,131.422384356094,134.888044182395,138.512113925579,142.278540136368,146.161820218057,150.155196152706,154.254885426617,158.470046224623,162.822697278127,167.311731831308,171.937764748509,176.721733258671,181.674566575535,186.738618970761,191.844398695609,196.953145140925,202.022228444064,207.151016173128,212.453096830155,217.824064253324,223.222648967357,228.737667028997,234.308687154825,..,..
Nigeria,NGA,Poverty headcount ratio at national poverty lines (% of population),SI.POV.NAHC,..,..,..,..,..,..,..,..,..,..,..,..,..,..,..,..,..,..,..,..,..,..,..,..,..,..,..,..,..,..,..,..,..,..,..,..,..,..,..,..,..,..,..,..,..,..,..,..,..,..,..,..,..,..,..,..,..,..,40.1,..,..,..,..,..
Nigeria,NGA,Poverty headcount ratio at $2.15 a day (2017 PPP) (% of population),SI.POV.DDAY,..,..,..,..,..,..,..,..,..,..,..,..,..,..,..,..,..,..,..,..,..,..,..,..,..,47.8,..,..,..,..,..,..,52.4,..,..,..,58.4,..,..,..,..,..,..,47.9,..,..,..,..,..,..,34.9,..,33.8,..,..,32.3,..,..,30.9,..,..,..,..,..
Nigeria,NGA,"GNI, Atlas method (current US$)",NY.GNP.ATLS.CD,..,..,..,..,..,..,..,..,..,..,..,..,..,..,..,..,..,..,..,..,..,..,..,..,..,..,..,..,..,..,..,..,..,..,..,..,..,..,..,..,..,..,..,..,..,..,..,..,297835762687.595,317527310881.617,342339308222.415,359940129972.71,416376921798.702,471589543788.297,533512166618.064,525527997171.075,463851771590.264,403827850925.038,400473681117.695,429268510688.544,440485380996.946,461013732351.013,471251524897.294,432496722777.475
Nigeria,NGA,"GNI per capita, Atlas method (current US$)",NY.GNP.PCAP.CD,..,..,..,..,..,..,..,..,..,..,..,..,..,..,..,..,..,..,..,..,..,..,..,..,..,..,..,..,..,..,..,..,..,..,..,..,..,..,..,..,..,..,..,..,..,..,..,..,1950,2030,2130,2180,2450,2700,2970,2860,2460,2090,2020,2110,2110,2160,2160,1930
Nigeria,NGA,"GNI, PPP (current international $)",NY.GNP.MKTP.PP.CD,..,..,..,..,..,..,..,..,..,..,..,..,..,..,..,..,..,..,..,..,..,..,..,..,..,..,..,..,..,..,..,..,..,..,..,..,..,..,..,..,..,..,..,..,..,..,..,..,596971644308.629,645418060172.643,705686028138.378,757020089798.698,794626725097.999,855954005847.969,943774921301.309,963979037607.998,966395103971.023,978425665305.604,1013944481505.9,1101660228737.95,1133036228883.97,1176731939031.04,1290242087535.56,1386819967340.05
Nigeria,NGA,"GNI per capita, PPP (current international $)",NY.GNP.PCAP.PP.CD,..,..,..,..,..,..,..,..,..,..,..,..,..,..,..,..,..,..,..,..,..,..,..,..,..,..,..,..,..,..,..,..,..,..,..,..,..,..,..,..,..,..,..,..,..,..,..,..,3920,4120,4380,4580,4670,4900,5260,5240,5120,5060,5110,5420,5440,5510,5900,6200
Nigeria,NGA,Income share held by lowest 20%,SI.DST.FRST.20,..,..,..,..,..,..,..,..,..,..,..,..,..,..,..,..,..,..,..,..,..,..,..,..,..,6,..,..,..,..,..,..,4.1,..,..,..,3.7,..,..,..,..,..,..,5.7,..,..,..,..,..,..,7.1,..,7.1,..,..,7,..,..,7.1,..,..,..,..,..
Nigeria,NGA,"Life expectancy at birth, total (years)",SP.DYN.LE00.IN,37.371,37.673,37.809,38.192,38.415,38.68,38.797,37.573,38.482,38.718,39.713,40.48,41.273,42.011,42.791,43.662,44.721,45.558,46.019,46.215,46.349,46.493,46.513,46.638,46.55,46.317,45.975,46.018,46.072,46.182,46.037,45.691,45.668,45.788,45.513,45.487,45.567,45.792,46.036,46.614,47.193,47.619,47.928,48.441,48.767,49.297,49.73,50.033,50.225,50.712,50.945,51.357,51.497,51.707,51.791,51.841,52.043,52.305,52.554,52.91,52.887,52.676,53.633,..
Nigeria,NGA,"Fertility rate, total (births per woman)",SP.DYN.TFRT.IN,6.364,6.353,6.356,6.349,6.362,6.367,6.386,6.401,6.42,6.438,6.466,6.532,6.579,6.633,6.703,6.773,6.806,6.862,6.921,6.887,6.847,6.82,6.799,6.775,6.701,6.616,6.557,6.504,6.498,6.494,6.459,6.426,6.391,6.354,6.319,6.273,6.217,6.138,6.069,6.082,6.124,6.139,6.135,6.116,6.085,6.068,6.081,6.08,6.078,6.039,5.98,5.918,5.832,5.738,5.664,5.616,5.584,5.523,5.447,5.379,5.309,5.237,5.143,..
Nigeria,NGA,"Adolescent fertility rate (births per 1,000 women ages 15-19)",SP.ADO.TFRT,148.916,155.632,162.191,165.394,166.193,166.355,164.028,161.938,158.886,163.532,166.123,167.484,170.537,175.101,184.34,185.368,181.469,176.732,170.442,169.358,166.099,159.734,154.12,157.076,153.06,152.632,147.341,147.148,142.497,144.528,140.866,138.452,138.666,140.754,140.344,136.68,132.575,129.218,128.22,131.906,132.063,131.315,133.101,134.751,130.599,131.024,126.655,123.387,123.818,123.081,123.402,125.756,127.692,128.112,124.209,114.982,107.474,103.925,103.466,102.807,102.215,101.675,99.56,..
Nigeria,NGA,"Contraceptive prevalence, any method (% of married women ages 15-49)",SP.DYN.CONU.ZS,..,..,..,..,..,..,..,..,..,..,..,..,..,..,..,..,..,..,..,..,..,..,6.8,..,..,..,..,..,..,..,6,..,..,..,..,..,..,..,..,15.2,..,..,..,12.6,..,..,..,14.7,14.6,..,..,17.5,13.5,15.1,..,..,22.1,13.4,16.6,..,..,..,..,..
Nigeria,NGA,Births attended by skilled health staff (% of total),SH.STA.BRTC.ZS,..,..,..,..,..,..,..,..,..,..,..,..,..,..,..,..,..,..,..,..,..,..,..,..,..,..,..,..,..,..,32,..,..,..,..,..,..,..,..,41.6,..,..,..,35.2,..,..,..,..,34.4,..,..,47.3,..,35.2,..,..,..,43,43.3,..,..,..,50.7,..
Nigeria,NGA,"Mortality rate, under-5 (per 1,000 live births)",SH.DYN.MORT,..,..,..,..,325.2,318.5,311.9,305.3,298.4,291.4,284,276.2,268,259.7,251.4,243.4,235.7,228.7,222.5,217.3,213.1,209.9,207.9,207,207,207.5,208.4,209.2,209.7,209.9,209.6,209.1,208.3,207.2,205.9,203.8,201.1,197.5,193,187.9,182.5,177,171.3,165.6,160,154.6,149.7,145.2,141.3,138,135.3,132.9,130.9,129.1,127.7,126.2,124.5,122.4,119.9,116.9,113.9,110.6,107.2,..
Nigeria,NGA,"Prevalence of underweight, weight for age (% of children under 5)",SH.STA.MALN.ZS,..,..,..,..,..,..,..,..,..,..,..,..,..,..,..,..,..,..,..,..,..,..,..,..,..,..,..,..,..,..,33.1,..,..,35.1,..,..,..,..,..,..,..,..,..,26.7,..,..,..,..,..,..,..,24.2,..,..,20.6,19.5,31.5,..,21.8,..,18.4,..,..,..
Nigeria,NGA,"Immunization, measles (% of children ages 12-23 months)",SH.IMM.MEAS,..,..,..,..,..,..,..,..,..,..,..,..,..,..,..,..,..,..,..,..,..,..,..,..,9,17,28,36,46,59,54,57,43,40,41,44,38,38,38,35,33,32,30,34,37,41,44,41,53,64,56,49,42,43,44,42,48,54,56,58,60,60,60,..
Nigeria,NGA,"Primary completion rate, total (% of relevant age group)",SE.PRM.CMPT.ZS,..,..,..,..,..,..,..,..,..,..,..,..,..,..,..,..,..,..,..,..,..,..,..,..,..,..,..,..,..,..,..,..,..,..,..,..,..,..,..,..,83.9067611694336,..,..,..,79.4437484741211,81.8972702026367,89.1874008178711,79.0244064331055,68.2841110229492,72.6352996826172,72.9908294677734,..,..,..,..,..,..,..,..,..,..,..,..,..
Nigeria,NGA,"School enrollment, primary (% gross)",SE.PRM.ENRR,..,..,..,..,..,..,..,..,..,..,41.9375190734863,45.221851348877,49.6452789306641,51.3334693908691,..,..,49.7247085571289,60.8963394165039,77.4512634277344,91.1608505249023,96.1790466308594,103.767646789551,113.145721435547,113.028762817383,111.932113647461,105.598083496094,92.1432266235352,88.3635711669922,84.2271575927734,82.075813293457,85.5113983154297,84.6890716552734,89.2756423950195,94.0711898803711,94.4626235961914,90.4266662597656,79.5559692382812,..,..,95.1762084960938,99.2021102905273,95.9370880126953,97.0674209594727,98.1725769042969,99.183952331543,99.7802734375,100.187828063965,91.4314422607422,82.380500793457,83.4956970214844,83.0165863037109,88.0855102539062,89.3999862670898,91.3719711303711,87.4456405639648,83.7498270610008,81.9161682128906,76.4630992205934,84.6760635375977,83.2573913283786,87.3721008300781,86.7234268188477,..,..
Nigeria,NGA,"School enrollment, secondary (% gross)",SE.SEC.ENRR,..,..,..,..,..,..,..,..,..,..,4.48457002639771,4.85515022277832,5.4025502204895,6.03338003158569,..,..,..,7.79495000839233,9.19285011291504,11.1707096099853,13.9374599456787,17.4092597961426,21.3087997436523,25.4296607971191,29.2429695129394,29.6929607391357,27.5682201385498,27.420539855957,..,24.213399887085,24.6007099151611,..,..,..,..,..,..,..,..,23.5453395843506,24.7493305206299,27.319450378418,29.9248199462891,..,35.275520324707,35.1121101379395,34.4249801635742,31.5662994384766,34.8519096374512,38.4990310668945,43.3236885070801,44.6314888000488,46.1335983276367,54.8829689025879,44.5147514343262,45.6085815429688,40.9102096557617,..,42.1684494018555,..,45.889949798584,47.2372283935547,..,..
Nigeria,NGA,"School enrollment, primary and secondary (gross), gender parity index (GPI)",SE.ENR.PRSC.FM.ZS,..,..,..,..,..,..,..,..,..,..,0.581910014152527,0.615459978580475,0.633099973201752,0.659990012645721,..,..,..,0.722029983997345,0.753329992294312,0.745639979839325,0.743489980697632,0.751739978790283,0.747340023517609,0.701300024986267,0.676490008831024,..,0.797990024089813,0.812940001487732,..,0.832419991493225,0.782169997692108,..,..,..,..,..,..,..,..,0.823350012302399,0.815140008926392,0.827269971370697,0.81156998872757,..,0.82804000377655,0.839640021324158,0.849070012569427,0.855579972267151,0.873030006885529,0.887960016727448,0.897220015525818,0.908169984817505,0.95440000295639,0.952579975128174,0.956820011138916,..,0.930320024490356,..,0.969380021095276,..,..,..,..,..
Nigeria,NGA,"Prevalence of HIV, total (% of population ages 15-49)",SH.DYN.AIDS.ZS,..,..,..,..,..,..,..,..,..,..,..,..,..,..,..,..,..,..,..,..,..,..,..,..,..,..,..,..,..,..,..,..,..,..,..,..,..,..,..,..,..,..,..,..,..,..,..,..,..,..,..,..,..,..,..,..,..,..,..,..,..,..,..,..
Nigeria,NGA,Forest area (sq. km),AG.LND.FRST.K2,..,..,..,..,..,..,..,..,..,..,..,..,..,..,..,..,..,..,..,..,..,..,..,..,..,..,..,..,..,..,265260.9,263627.85,261994.8,260361.75,258728.7,257095.65,255462.6,253829.55,252196.5,250563.45,248930.4,247297.34,245664.28,244031.22,242398.16,240765.1,239132.04,237498.98,235865.92,234232.86,232599.8,230966.74,229333.68,227700.62,226067.56,224434.5,222801.479,221168.5,219535.5,217902.5,216269.5,214636.5,..,..
Nigeria,NGA,Terrestrial and marine protected areas (% of total territorial area),ER.PTD.TOTL.ZS,..,..,..,..,..,..,..,..,..,..,..,..,..,..,..,..,..,..,..,..,..,..,..,..,..,..,..,..,..,..,..,..,..,..,..,..,..,..,..,..,..,..,..,..,..,..,..,..,..,..,..,..,..,..,..,..,11.6107349579734,11.6106996068528,11.6106996068528,11.6106976263222,11.6106976263222,11.6082522536748,11.6082522536748,..
Nigeria,NGA,"Annual freshwater withdrawals, total (% of internal resources)",ER.H2O.FWTL.ZS,..,..,..,..,..,..,..,..,..,..,..,..,..,..,..,..,..,..,..,..,..,..,..,..,..,..,..,2.52941176470588,2.69345631742081,2.85770971108597,3.02050121823529,3.18465019144796,3.34879916461538,3.51294813782805,3.67709711104072,3.84124608425339,4.00539505742081,4.1698572920362,4.33369300384615,4.49794639751131,4.66199095022624,4.77674208144796,4.89149321266968,5.0062443438914,5.12099547511312,5.23574660633484,5.3172850678733,5.39882352941177,5.48036199095023,5.56190045248869,5.64343891402715,5.64343891402715,5.64343891402715,5.64343891402715,5.64343891402715,5.64343891402715,5.64343891402715,5.64343891402715,5.64343891402715,5.64343891402715,5.64343891402715,5.64343891402715,..,..
Nigeria,NGA,Urban population growth (annual %),SP.URB.GROW,..,3.47937662523361,3.51446400786412,3.54852694110428,3.56435347757801,3.58316547429009,3.5903418620385,3.52057165039123,3.50679804743236,3.54243102487148,3.5993118297451,4.43449985463897,4.4927552088008,4.58048996190469,4.71671631039634,4.86196106879852,4.96036706339118,5.05394976856492,5.12321963085566,5.12281260846812,5.14252118074372,6.14385745748423,6.01879701372628,5.59143210693391,5.53377366400443,5.74752017579457,5.61362534212049,5.54246856671822,5.52035024368559,5.50862364020917,5.49267305224734,4.21955094914855,4.17035710456181,4.18854760644223,4.19400244607172,4.16609039649881,4.12861151321234,4.10548714033329,4.0857474820615,4.10264989082065,4.15328596481643,5.00284787615202,5.00783408931391,4.98898112302915,4.96110976626493,4.92446165064167,4.89554130315558,4.87904797043417,4.85983082808399,4.82972708690892,4.81723266545861,4.78129773248268,4.71337458499345,4.60637987880964,4.4842460335748,4.34676354897871,4.25799268529955,4.22997085854151,4.14894636789702,4.0501895683177,3.99424522376446,3.91158763372462,3.83862295502251,3.79358822964123
Nigeria,NGA,Energy use (kg of oil equivalent per capita),EG.USE.PCAP.KG.OE,..,..,..,..,..,..,..,..,..,..,..,583.758635610566,590.372829818987,602.197272376756,605.488730480434,613.511663845617,627.757543635339,642.219455859923,652.105425607705,659.081422784498,669.743224667577,679.150637428711,692.539251561872,694.523585199671,679.100021609945,683.048579946239,671.611052537822,677.297684627379,679.598384384838,685.18838035823,697.600160866665,712.54683403941,722.255140629242,715.34223659314,680.062392964369,681.158748215253,692.382199196596,697.999961877538,685.323273927797,692.034237024572,700.382697930218,716.113208472673,719.487334706939,740.177668985548,740.881633949329,749.589577879741,735.694703969723,741.28022201946,742.805109137659,711.347315040296,744.835787409124,766.32922819437,785.260685797682,766.922224903943,750.970916241396,..,..,..,..,..,..,..,..,..
Nigeria,NGA,Electric power consumption (kWh per capita),EG.USE.ELEC.KH.PC,..,..,..,..,..,..,..,..,..,..,..,28.8013497540555,33.0045291496517,35.6007737950656,33.1273469666592,46.1565543770988,52.0273378605675,59.7239916620682,61.2530259344496,60.3389607906578,68.4976207254801,51.0805484779214,81.9376971904467,81.800507427791,62.1484150131736,80.4328505276607,90.8463847072261,89.3074292343684,87.1817609779374,97.1167275999464,87.077295577699,89.5835363661454,90.0360937930544,100.811998272156,95.4140917054971,91.2858690565398,85.6824716113387,81.7638055799772,76.7243085636249,75.4915188378116,74.146136703824,75.1153296959736,103.863911929329,100.991737510185,122.33391047445,127.830505419425,110.365315916404,137.079019797075,125.480283150088,118.885723583904,134.34990183119,147.784640073268,154.172314046176,140.311016916457,142.129222071326,..,..,..,..,..,..,..,..,..
Nigeria,NGA,GDP (current US$),NY.GDP.MKTP.CD,4196174501.5302,4467287893.08484,4909399176.24033,5165590253.7639,5552931318.82747,5874537650.18494,6366917453.23302,5203237918.70483,5200997919.60083,6634317346.27306,12546094981.562,9181769911.50443,12274416017.7976,15162871287.1287,24846641318.1242,27778934624.6973,36308883248.731,36035407725.3219,36527862208.7133,47259911894.2731,64201788122.6054,164475209515.939,142769363314.176,97094911792.0489,73484359521.4887,73745821158.2254,54805852580.9129,52676041931.1087,49648470440.4593,44003061108.4005,54035795387.8086,59526833412.3581,52058181853.8055,56721051402.4732,80399613063.6364,140919776986.364,185730236700,200850397618.182,218416200672.727,59145077039.1437,69171451627.2465,73557840064.489,95054059302.6995,104738954264.226,135764731645.611,175670569969.346,238454997161.48,278260846800.103,339476276257.793,295008835380.997,366990417129.04,414466676831.16,463971018239.281,520117180313.906,574183763411.508,493026682800.63,404649125252.16,375745731053.427,421739251509.08,474517490844.461,432198898467.795,440838992188.478,472624596925.938,362814951696.073
Nigeria,NGA,GDP growth (annual %),NY.GDP.MKTP.KD.ZG,..,0.191795489572428,4.10299258867985,8.57861891529707,4.95048866604155,4.88497683412901,-4.25051418415495,-15.7436282082051,-1.24836024581202,24.1973839456806,25.0072419293896,14.237531556251,3.36426203503635,5.39276048395909,11.1606745454861,-5.22774755532083,9.04235172630212,6.02411784954167,-5.76415839390285,6.75943093519176,4.20483104427296,-13.1278804850513,-6.80338881534813,-10.9240850339387,-1.11562321716823,5.91302745911383,0.0609452742067873,3.20012546702939,7.3340254875872,1.91938129589542,11.7768859342069,0.358352601660144,4.63119294607692,-2.03511877399136,-1.81492448525673,-0.0726647639378797,4.19592404660108,2.93709941924899,2.58125410192935,0.584126892918917,5.01593475931159,5.91768464920368,15.3291557409559,7.34719496799485,9.25055822917993,6.43851652538319,6.05942803202912,6.59113036068734,6.7644727778017,8.03692510099067,8.00565591628646,5.30792420289512,4.23006117493168,6.67133539306172,6.30971865525467,2.65269329543003,-1.61686894906529,0.80588661910221,1.92275734200651,2.20842927714881,-1.79425308274458,3.64718654072446,3.25168140827093,2.86021499108364
Nigeria,NGA,"Inflation, GDP deflator (annual %)",NY.GDP.DEFL.KD.ZG,..,6.25716915400712,5.56530090015399,-3.09475245043559,2.42780898472419,0.864444953374829,13.1928714891662,-3.00670539435013,1.22054696940619,2.70630699368648,51.2784813315754,1.34803424937029,2.89286810574893,5.34683656411752,43.9463679229523,23.5007902619413,14.3531853680082,10.7137537864287,13.9147450209547,11.4887631446863,12.4196622417449,219.002843997422,14.802551915567,19.5689498879398,5.65366409471567,6.92776915568827,5.41545258428278,19.6694755984806,20.1771261186241,28.9696733926063,6.66894186986168,18.8639068014772,46.7523553581667,41.639058719839,43.2964642936651,75.4016531897357,26.4910898564523,5.05534593106086,6.00934430361066,13.4305716350796,22.6737374008784,10.0764772448642,21.1090500029288,9.80432377665896,22.3683414748423,19.8584947707524,23.8643811265432,7.09973099343016,7.9213872023645,0.686098874594009,16.342766325307,9.77845809675884,9.94763670635021,4.96474571561274,4.66262291733076,2.86366512298943,9.54367006412473,11.1189180817699,10.2284850865888,10.384779195217,7.84914204720589,10.1310336867347,11.3113349413983,12.6218692275514
Nigeria,NGA,"Agriculture, forestry, and fishing, value added (% of GDP)",NV.AGR.TOTL.ZS,..,..,..,..,..,..,..,..,..,..,..,..,..,..,..,..,..,..,..,..,..,12.240409246888,13.5026901414336,14.9907328930728,18.3083606550373,18.227639967623,18.0204251588741,20.5521063242771,23.3716488476568,21.2755973365002,21.5562632771079,20.8852831060192,20.3211588731035,23.4911304788674,25.1738487759527,25.4865064493222,26.1991591974906,27.4166511440248,27.9083713814094,26.0284857101616,21.3572412972176,24.4753546604632,36.9650826661797,33.8270605515687,27.2304536006497,26.0892828250796,24.7349912601339,24.6625772142283,25.2797507802655,26.7488545066519,23.8937040912791,22.2347109931956,21.8599586165277,20.7586228322439,19.9902547680805,20.6318934800012,20.9831097083173,20.8465714300542,21.203773720121,21.9062959303516,24.1433058670212,23.357058761851,23.6918718404603,22.7249380389601
Nigeria,NGA,"Industry (including construction), value added (% of GDP)",NV.IND.TOTL.ZS,..,..,..,..,..,..,..,..,..,..,..,..,..,..,..,..,..,..,..,..,..,39.245090195334,34.8092085036491,34.118441173343,30.3459204222366,33.466601002189,32.8307835240761,32.8869010232968,32.6148659706,35.3918071721663,35.4103267697692,36.9655659789111,37.7096082330884,33.1743424877663,31.3183895527606,36.5404898229186,37.4454787243492,35.2488501000654,28.7024397281229,29.3636932703443,33.823003290999,28.2762662656489,23.0408371863292,26.0024149026732,28.390040064544,28.2015834476344,25.7516355955536,24.344717837607,24.7142488981493,21.236761481448,25.3174522378126,28.2777998870502,27.0730175029593,25.7423212364316,24.6436085906069,20.160782897492,18.17313172689,22.3151171946859,25.7333065832929,27.3825370472331,28.2205055168218,31.4075340394769,30.7755687190103,32.5844117031957
Nigeria,NGA,Exports of goods and services (% of GDP),NE.EXP.GNFS.ZS,9.24153046405216,..,..,..,..,..,..,..,..,..,..,..,..,..,..,..,..,..,..,..,..,..,..,..,..,..,..,..,..,..,..,..,..,..,..,..,..,..,..,..,..,..,..,..,..,..,..,..,..,..,..,..,..,..,..,..,..,..,..,..,..,..,..,..
Nigeria,NGA,Imports of goods and services (% of GDP),NE.IMP.GNFS.ZS,16.9249824014777,..,..,..,..,..,..,..,..,..,..,..,..,..,..,..,..,..,..,..,..,..,..,..,..,..,..,..,..,..,..,..,..,..,..,..,..,..,..,..,..,..,..,..,..,..,..,..,..,..,..,..,..,..,..,..,..,..,..,..,..,..,..,..
Nigeria,NGA,Gross capital formation (% of GDP),NE.GDI.TOTL.ZS,..,..,..,..,..,..,..,..,..,..,..,..,..,..,..,..,..,..,..,..,..,..,..,..,..,..,..,..,..,..,..,..,..,..,..,..,..,..,..,..,..,..,..,..,..,..,..,..,..,..,..,..,..,..,..,..,..,..,..,..,..,..,..,..
Nigeria,NGA,"Revenue, excluding grants (% of GDP)",GC.REV.XGRT.GD.ZS,..,..,..,..,..,..,..,..,..,..,..,..,..,..,..,..,..,..,..,..,..,..,..,..,..,..,..,..,..,..,..,..,..,..,..,..,..,..,..,..,..,..,..,..,..,..,..,..,..,..,..,..,..,..,..,..,..,..,..,..,..,..,..,..
Nigeria,NGA,Time required to start a business (days),IC.REG.DURS,..,..,..,..,..,..,..,..,..,..,..,..,..,..,..,..,..,..,..,..,..,..,..,..,..,..,..,..,..,..,..,..,..,..,..,..,..,..,..,..,..,..,..,..,..,..,..,..,..,..,..,..,..,30.3,30.3,30.3,24.9,18.9,10.9,7.2,..,..,..,..
Nigeria,NGA,Domestic credit provided by financial sector (% of GDP),FS.AST.DOMS.GD.ZS,..,..,..,..,..,..,..,..,..,..,..,..,..,..,..,..,..,..,..,..,..,..,..,..,..,..,..,..,..,..,..,..,..,..,..,..,..,..,..,..,..,..,..,..,..,..,..,..,..,..,..,..,..,..,..,..,..,..,..,..,..,..,..,..
Nigeria,NGA,Tax revenue (% of GDP),GC.TAX.TOTL.GD.ZS,..,..,..,..,..,..,..,..,..,..,..,..,..,..,..,..,..,..,..,..,..,..,..,..,..,..,..,..,..,..,..,..,..,..,..,..,..,..,..,..,..,..,..,..,..,..,..,..,..,..,..,..,..,..,..,..,..,..,..,..,..,..,..,..
Nigeria,NGA,Military expenditure (% of GDP),MS.MIL.XPND.GD.ZS,0.695833333333333,0.849453322119428,1.09697933227345,1.10319076714189,1.23370429252782,1.40145203522971,1.10115095174856,5.80820060996272,9.1591382904795,10.316957879632,5.27925012553702,4.39211982188639,5.39026887908144,5.47846811844983,4.34401142623954,8.12406844073322,5.79139783442963,6.02411790978115,5.32604776301556,4.32233407904549,3.29560373980505,2.77007205001291,2.26720169230048,2.21984130271864,1.55679483416495,1.43678626386977,1.31155364657903,0.769793676287504,0.88435129597009,0.579894648474617,0.833115305550364,0.773691292368809,0.564010709444363,0.933218301724012,0.781452287737133,0.483558767048935,0.406177811568832,0.435835755422039,0.548312392864221,0.855415630326234,0.543531645186578,0.780315876986167,0.95433804485135,0.570707544874932,0.490996769130759,0.397422937174069,0.348375434095589,0.370960976546406,0.489084134608938,0.505855627592204,0.539231118131693,0.579227031040921,0.504264930204985,0.469695304520636,0.414718776586509,0.417636537730714,0.432947784673169,0.430671218863917,0.506944517393582,0.459170524387093,0.632022913474166,1.01270192678284,0.635544551107252,..
Nigeria,NGA,Mobile cellular subscriptions (per 100 people),IT.CEL.SETS.P2,0,..,..,..,..,0,..,..,..,..,0,..,..,..,..,0,0,0,0,0,0,0,0,0,0,0,0,0,0,0,0,0,0,0.008804631,0.01213775,0.012016163,0.012617593,0.013182041,0.017139352,0.020886321,0.02441963,0.211221041,1.210845315,2.365893711,6.68866615,13.23005515,22.39468915,27.24021429,41.33577643,47.58638737,54.23811186,57.51550468,66.31025547,72.82602613,77.46743354,81.97475275,81.80668821,74.89572893,87.06722748,90.79595497,98.03255552,91.43723303,101.6857635,..
Nigeria,NGA,High-technology exports (% of manufactured exports),TX.VAL.TECH.MF.ZS,..,..,..,..,..,..,..,..,..,..,..,..,..,..,..,..,..,..,..,..,..,..,..,..,..,..,..,..,..,..,..,..,..,..,..,..,..,..,..,..,..,..,..,..,..,..,..,..,..,2.64014909665659,1.09005158126034,1.2662602205414,1.89161536639165,2.99169141904529,2.10796896763846,11.9058756250214,2.35102616010413,2.3303518190456,1.9287782652252,1.48240117353044,6.94412309573588,6.4879650491258,2.38488302901383,3.53042370294988
Nigeria,NGA,Merchandise trade (% of GDP),TG.VAL.TOTL.GD.ZS,25.4040912648239,24.8249055476519,21.1227476677532,21.2754002158653,23.6271605872668,25.8573540668716,23.7791680372928,25.0420991766668,21.7458268102288,23.921074575842,18.3244268705016,36.2566262505542,30.0217948834132,35.1120833197297,48.2036982248521,49.9479198445004,51.7201255443634,63.6429596546077,62.3058635897151,58.2988814317673,66.3969045824609,23.5427576678342,19.7843566324816,23.287523087128,28.8768931758801,29.0524936376145,16.7664575355958,21.4082144113037,23.3481513069001,32.2409387952594,35.5745665665487,35.6981864847331,38.7278219908217,30.7046494544363,19.9354193251077,14.5926997897463,12.1633399070556,12.3016933463931,8.72920595691906,37.947367935874,42.9310059300575,40.282585750237,26.8499843007496,33.3056600049661,38.8871243363936,40.5423629082709,35.7505613280438,36.4535654823438,40.1279881768683,30.7272152994775,34.9423292856474,41.4991143112012,35.7134375825485,28.177304182021,28.1094677845022,19.2516963708397,17.0107868037786,20.1575144413897,24.5540341880582,24.8226887886434,16.5141559252073,22.4006954352576,26.1150183047585,28.6195482062114
Nigeria,NGA,Net barter terms of trade index (2015 = 100),TT.PRI.MRCH.XD.WD,..,..,..,..,..,..,..,..,..,..,..,..,..,..,..,..,..,..,..,..,131.6742427183,139.4838874588,118.8783131487,112.7294349125,112.2739624101,104.2338833133,51.0498461981,52.7443353005,44.2697885001,55.0048068073,64.2975295424,54.0429187926,47.2506393856,43.157143394,40.77175707,40.3599211429,63.1344480651,47.2896434467,31.8761009815,43.2951881346,72.6478580515,65.6892296082,66.9046620837,74.1342433252,86.5812740011,113.5374068816,126.650654885,127.1109748157,155.3734507277,109.6184119313,131.7652244257,155.6732170758,158.0688120148,157.8695889946,149.8643533361,100,86.9949099097,102.8829166255,121.9568692936,110.5361032339,81.4010025368,127.3812584836,..,..
Nigeria,NGA,"External debt stocks, total (DOD, current US$)",DT.DOD.DECT.CD,..,..,..,..,..,..,..,..,..,..,836680592.1,960364871.1,1081759364.5,1778977495.8,1880722152.3,1687175642.1,1337791872.3,3146444249.6,5091168447.7,6244582441.2,8938210283.3,11445499562.3,11992466650.3,17576996152.9,17783310906.8,18655375059.1,22215781653.5,29024891233.2,29624118543.4,30121991493,33458483418.1,33526931287.4,29018663727.6,30699263745.6,33092276818.4,34094439060.4,31414754638.8,28467535604,30313714707.5,29095550936.6,33514256077.2,34976644763.9,36779630348.3,41856858871.2,45910626685.7,34608131314.5,18576099578.5,21952953676.5,22663245892.7,25062797639.8,28262197008.7,32377423146,36981904538.8,38771517424.4,41804654310.2,41541257871.7,41359562488.9,62791819169.8,66565585784.6,77708890974.7,82833305939.4,90887068293.5,98335333957.6,..
Nigeria,NGA,"Total debt service (% of exports of goods, services and primary income)",DT.TDS.DECT.EX.ZS,..,..,..,..,..,..,..,..,..,..,..,..,..,..,..,..,..,1.03961697719803,1.28249010694476,2.17391113275427,4.14562449629904,9.19601232547233,16.225932365643,23.6105078830245,32.9442526396612,32.7803427632578,38.0388322988143,14.1306333014557,30.3650082098161,24.6928507768567,22.5963462803015,22.0563705968506,18.5741360240159,13.3957728764043,18.9468067477952,14.7307144082223,13.1369897720651,8.71202887176952,13.074318095709,7.60561497077477,8.75611560483597,12.9305946430566,8.15951140111967,5.98144638734866,4.5248920715457,15.7456332601609,11.2511101165328,1.89575544770767,0.895711217813185,1.46744479815709,1.65952462029271,0.628636561691689,1.57698236989665,1.80750308659257,3.77793911449102,3.54783638835965,9.56889930127417,6.96817664585712,9.75946250218854,9.92427437156518,15.3266570372901,15.0076533966936,10.5817644127754,..
Nigeria,NGA,Net migration,SM.POP.NETM,12174,21080,23312,22134,21439,28207,7449,14132,4930,1669,7960,-35585,-13077,-699,44211,75448,72700,129022,111237,137656,184467,90174,73253,-507539,67234,19791,12447,40048,72254,81688,107212,12661,63692,60446,98121,43504,54743,67109,62195,41275,34146,37267,39619,4194,16528,-46749,-41526,-38960,-43402,-48397,18073,38226,41741,10588,-49351,-145917,-54315,15016,-81384,-103989,-4824,-76364,-59996,-59996
Nigeria,NGA,"Personal remittances, received (current US$)",BX.TRF.PWKR.CD.DT,..,..,..,..,..,..,..,..,..,..,..,..,..,..,..,..,..,20164384.3377957,3148257.78257618,8278044.63171683,21946633.7931972,16188874.3006091,17818396.8187928,13804340.159239,11741262.5085007,10069658.7290095,3989688.35617588,2739018.35487486,2424527.40083315,10183665.8073916,10008540.0229552,65544714.3325038,56448404.4079421,793154025.528129,549872704.128023,250043007.16431,296587337.297782,585738409.765356,448546824.808174,1301055577.27525,1391826072.13562,1166614597.96595,1208958587.64914,1062820789.1282,2272734507.11605,14640084309.7026,16932144078.5376,18014430786.8869,19199974036.2717,18370796914.562,19744755062.5938,20616772500.8206,20542884459.8857,20797073957.3776,20999084800,20626046924.0079,19697938003.8912,22037016831.8378,24311022415.6069,23809281401.0144,17207547305.9955,19483402058.9106,20127614150.5134,19549549365.0159
Nigeria,NGA,"Foreign direct investment, net inflows (BoP, current US$)",BX.KLT.DINV.CD.WD,..,..,..,..,..,..,..,..,..,..,205000000,286000000,305000000,373000000,257000000,470120000,339000000,440514242.45646,210933271.432604,309598869.22621,-738870004.370972,542327289.070406,430611256.454158,364434580.203909,189164784.859178,485581320.932238,193214907.534804,610552091.468468,378667097.69376,1884249738.78897,587882970.628472,712373362.47117,896641282.4724,1345368587.00054,1959219858.15603,335842164.964005,499276809.471007,469577019.807245,299566658.25891,1004915630.70932,1140167556.01589,1190618643.59162,1874070753.14014,2005353563.06398,1874060886.97608,4982533930.21739,4854353979.09081,6036021404.82071,8194071895.46245,8555990006.71682,6026253091.34715,8841062050.7726,7069908427.93651,5562857987.46966,4693828631.89583,3064168904.45333,3453258407.9848,2412974916.23264,775247400.003029,2305099811.70358,2385277665.91608,3313210000,-186792428.930928,1872520530.04695
Nigeria,NGA,Net official development assistance and official aid received (current US$),DT.ODA.ALLD.CD,32639999.3896484,30389999.3896484,30979999.5422363,20719999.3133545,44970001.2207031,75309997.5585938,68360000.6103516,72800003.0517578,68800003.0517578,85110000.6103516,107540000.915527,107110000.610352,83000000,76379997.253418,72610000.6103516,81379997.253418,51819999.6948242,42009998.3215332,40150001.5258789,25739999.7711182,34400001.5258789,39250000,34950000.7629395,46750000,32389999.3896484,31709999.0844727,58119998.9318848,67620002.746582,118080001.831055,344000000,255080001.831055,258320007.324219,258820007.324219,288420013.427734,189660003.662109,210960006.713867,188750000,199839996.337891,203339996.337891,151990005.493164,173800003.051758,167820007.324219,299549987.792969,309850006.103516,578770019.53125,6401790039.0625,11431959960.9375,1643209960.9375,960679992.675781,1163290039.0625,2052360107.42188,1809859985.35156,1916109985.35156,2515659912.10938,2478600097.65625,2431540039.0625,2498189941.40625,3356350097.65625,3303270019.53125,3275409912.10938,3375860107.42188,3527699951.17188,4443259765.625,..
,,,,,,,,,,,,,,,,,,,,,,,,,,,,,,,,,,,,,,,,,,,,,,,,,,,,,,,,,,,,,,,,,,,
,,,,,,,,,,,,,,,,,,,,,,,,,,,,,,,,,,,,,,,,,,,,,,,,,,,,,,,,,,,,,,,,,,,
,,,,,,,,,,,,,,,,,,,,,,,,,,,,,,,,,,,,,,,,,,,,,,,,,,,,,,,,,,,,,,,,,,,
Data from database: World Development Indicators,,,,,,,,,,,,,,,,,,,,,,,,,,,,,,,,,,,,,,,,,,,,,,,,,,,,,,,,,,,,,,,,,,,
Last Updated: 11/13/2024,,,,,,,,,,,,,,,,,,,,,,,,,,,,,,,,,,,,,,,,,,,,,,,,,,,,,,,,,,,,,,,,,,,
